Date,Year,Time,Day_of_Week,Barangay,Latitude,Longitude,Weather,Road_Condition,Vehicle_Type,Driver_Age,Driver_Gender,Accident_Cause,Road_Accident_Type,Injuries,Fatalities
20/01/2020,2020,14:57,Monday,Santo Niño (Arsum),14.07744406,121.3312449,Stormy,Wet,Tricycle,40,Male,Side-impact collision,Fatigue,2,0
09/06/2023,2023,13:38,Friday,San Gabriel (Butucan),14.07149714,121.3204999,Sunny,Dry,Car,38,Female,Rear-end collision,Overspeeding,1,0
13/09/2024,2024,14:50,Friday,I-C (Bagong Bayan),14.05966069,121.3098045,Sunny,Dry,Motorcycle,44,Male,Side-impact collision,Fatigue,5,0
07/02/2020,2020,16:52,Friday,VI-C (Bagong Pook),14.08254339,121.3031348,Rainy,Gravel,Motorcycle,32,Male,Single vehicle accident,Reckless Driving,1,0
28/10/2022,2022,2:40,Friday,II-B (Guadalupe 1),14.07810107,121.3297536,Rainy,Potholes,Car,49,Female,Side-impact collision,Distracted Driving,5,0
05/04/2020,2020,13:24,Sunday,VII-E,14.08557853,121.3202776,Sunny,Dry,Car,24,Male,Rear-end collision,Inexperience,1,0
11/03/2020,2020,23:02,Wednesday,II-C (Unson),14.05995018,121.3114065,Sunny,Potholes,Car,38,Female,Single vehicle accident,Overloading,0,0
09/04/2021,2021,4:59,Friday,Santa Filomena (Banagin),14.07065245,121.3180989,Rainy,Wet,Motorcycle,18,Male,Side-impact collision,Fatigue,4,0
17/11/2022,2022,13:27,Thursday,VI-B,14.05850054,121.3102802,Stormy,Wet,Tricycle,25,Male,Single vehicle accident,Distracted Driving,2,0
14/10/2023,2023,9:50,Saturday,Del Remedio (Wawa),14.0598098,121.311173,Sunny,Dry,Car,51,Male,Rear-end collision,Drunk Driving,2,0
20/02/2023,2023,9:13,Monday,I-C (Bagong Bayan),14.07867655,121.3304523,Sunny,Dry,Car,22,Male,Head-on collision,Inexperience,6,0
04/07/2022,2022,7:59,Monday,VII-C,14.07095981,121.3193792,Stormy,Potholes,Tricycle,18,Male,Side-impact collision,Inexperience,0,0
23/05/2021,2021,13:23,Sunday,Del Remedio (Wawa),14.07879794,121.3268904,Sunny,Dry,Car,58,Female,Head-on collision,Reckless Driving,6,1
07/10/2023,2023,17:07,Saturday,Santa Monica,14.07068893,121.320553,Cloudy,Gravel,Motorcycle,59,Male,Single vehicle accident,Fatigue,0,0
14/01/2024,2024,8:59,Sunday,San Ignacio,14.08418657,121.3431671,Sunny,Dry,Motorcycle,31,Male,Side-impact collision,Inexperience,4,1
04/01/2023,2023,10:30,Wednesday,VII-A (P. Alcantara),14.06894202,121.3199032,Cloudy,Dry,Car,26,Male,Single vehicle accident,Overspeeding,1,0
20/12/2020,2020,4:40,Sunday,San Buenaventura (Palakpakin),14.09139855,121.34025,Sunny,Dry,Tricycle,34,Male,Side-impact collision,Reckless Driving,4,0
27/07/2024,2024,22:54,Saturday,San Miguel (Balintin),14.0483387,121.2993454,Sunny,Dry,Motorcycle,52,Male,Rear-end collision,Overspeeding,0,0
22/01/2023,2023,14:21,Sunday,III-D (Vilongco),14.08831887,121.3395246,Rainy,Wet,Car,46,Male,Head-on collision,Reckless Driving,2,1
29/10/2024,2024,18:43,Tuesday,Santa Catalina (Sandig),14.05900865,121.3094608,Stormy,Gravel,Motorcycle,38,Male,Single vehicle accident,Overloading,2,0
20/12/2021,2021,0:08,Monday,II-D (Bulante),14.08893443,121.3209234,Sunny,Dry,Bus,26,Male,Single vehicle accident,Inexperience,0,1
20/01/2020,2020,22:49,Monday,San Antonio 2 (Sapa),14.06478632,121.3128807,Sunny,Dry,Bicycle,44,Male,Rear-end collision,Overloading,2,0
03/03/2021,2021,5:57,Wednesday,San Juan (Putol),14.04880315,121.2989359,Sunny,Dry,Motorcycle,28,Male,Side-impact collision,Overspeeding,2,0
29/08/2022,2022,5:08,Monday,VI-C (Bagong Pook),14.08956543,121.3404857,Cloudy,Dry,Motorcycle,34,Female,Head-on collision,Fatigue,4,1
16/11/2022,2022,12:32,Wednesday,Del Remedio (Wawa),14.04893736,121.296163,Sunny,Dry,Tricycle,41,Male,Side-impact collision,Poor Maintenance,7,0
18/10/2020,2020,18:26,Sunday,San Francisco (Calihan),14.07980112,121.3294868,Rainy,Wet,Truck,30,Male,Side-impact collision,Poor Maintenance,3,0
02/07/2022,2022,0:27,Saturday,San Vicente,14.05888402,121.3118077,Rainy,Wet,Car,25,Male,Rear-end collision,Overspeeding,2,0
14/01/2022,2022,19:57,Friday,II-E (San Anton),14.07835854,121.329805,Rainy,Wet,Car,20,Male,Single vehicle accident,Distracted Driving,2,0
15/09/2024,2024,14:41,Sunday,San Mateo (Imok),14.09131435,121.3405553,Rainy,Wet,Motorcycle,44,Female,Rear-end collision,Mechanical Failure,1,0
29/01/2022,2022,7:38,Saturday,San Buenaventura (Palakpakin),14.08137673,121.3300923,Sunny,Dry,Tricycle,42,Male,Rear-end collision,Drunk Driving,1,0
16/01/2021,2021,23:32,Saturday,San Vicente,14.07949719,121.3293043,Sunny,Dry,Motorcycle,38,Male,Rear-end collision,Overloading,1,1
19/07/2024,2024,17:51,Friday,II-D (Bulante),14.05100895,121.2987091,Rainy,Wet,Motorcycle,34,Male,Side-impact collision,Drunk Driving,3,0
09/02/2020,2020,18:32,Sunday,Santa Maria Magdalena (Boe / Kuba),14.0489898,121.2997044,Sunny,Dry,Car,36,Female,Pedestrian accident,Fatigue,0,1
25/09/2024,2024,22:21,Wednesday,Santa Isabel,14.06524368,121.3399096,Rainy,Wet,Motorcycle,23,Male,Rear-end collision,Poor Maintenance,1,0
27/08/2020,2020,22:54,Thursday,San Nicolas (Mag-ampong),14.08528091,121.3216934,Sunny,Dry,Tricycle,49,Female,Pedestrian accident,Overspeeding,3,0
11/09/2021,2021,3:45,Saturday,San Gregorio,14.09948053,121.3316662,Rainy,Wet,Motorcycle,53,Male,Head-on collision,Inexperience,0,0
17/06/2021,2021,6:09,Thursday,San Antonio 1 (Balanga),14.06007631,121.3103715,Sunny,Dry,Truck,37,Male,Head-on collision,Mechanical Failure,4,1
29/10/2024,2024,19:08,Tuesday,Santa Cruz (Putol),14.07560957,121.3170386,Sunny,Potholes,Bicycle,22,Male,Side-impact collision,Mechanical Failure,1,0
14/03/2021,2021,8:22,Sunday,San Nicolas (Mag-ampong),14.0969686,121.3094799,Sunny,Dry,Motorcycle,47,Male,Pedestrian accident,Overspeeding,3,1
14/06/2021,2021,21:41,Monday,Dolores,14.09597853,121.334515,Cloudy,Dry,Car,37,Male,Rear-end collision,Fatigue,0,0
07/08/2024,2024,7:34,Wednesday,Santo Cristo,14.09115618,121.3420231,Sunny,Dry,Motorcycle,26,Male,Head-on collision,Overspeeding,4,1
06/08/2022,2022,8:53,Saturday,II-C (Unson),14.08057244,121.3311381,Rainy,Wet,Motorcycle,30,Male,Single vehicle accident,Reckless Driving,1,1
29/10/2021,2021,18:19,Friday,VI-A (Mavenida),14.05728525,121.3438819,Rainy,Wet,Truck,40,Female,Rear-end collision,Inexperience,0,0
24/09/2024,2024,2:56,Tuesday,San Diego (Tilim),14.08850882,121.3403262,Sunny,Dry,Tricycle,46,Male,Single vehicle accident,Drunk Driving,1,1
12/10/2021,2021,7:15,Tuesday,V-D,14.05094397,121.3442272,Rainy,Wet,Bus,37,Female,Side-impact collision,Inexperience,3,1
06/02/2022,2022,18:21,Sunday,Santa Monica,14.04988325,121.2994666,Sunny,Potholes,Motorcycle,45,Male,Rear-end collision,Drunk Driving,2,0
13/07/2023,2023,7:07,Thursday,VI-C (Bagong Pook),14.08948004,121.3392314,Sunny,Dry,Motorcycle,33,Male,Single vehicle accident,Overloading,1,0
06/03/2023,2023,10:35,Monday,San Lucas 1 (Sabang),14.06916265,121.3206822,Sunny,Dry,Tricycle,47,Female,Head-on collision,Poor Maintenance,5,0
19/12/2022,2022,23:31,Monday,Bautista,14.05109873,121.300797,Sunny,Potholes,Motorcycle,65,Male,Rear-end collision,Fatigue,0,0
22/07/2024,2024,13:16,Monday,Santo Angel (Ilog),14.06927139,121.3183856,Rainy,Wet,Car,46,Male,Head-on collision,Mechanical Failure,4,0
21/10/2024,2024,18:27,Monday,VII-A (P. Alcantara),14.07963596,121.328791,Cloudy,Dry,Motorcycle,50,Female,Single vehicle accident,Poor Maintenance,1,0
24/08/2022,2022,19:32,Wednesday,San Marcos (Tikew),14.04916903,121.2999382,Rainy,Potholes,Truck,47,Female,Side-impact collision,Poor Maintenance,1,0
14/09/2023,2023,18:11,Thursday,III-D (Vilongco),14.0502521,121.2993692,Sunny,Dry,Tricycle,35,Female,Head-on collision,Distracted Driving,5,0
09/08/2024,2024,3:05,Friday,II-F (Villa Rey),14.07076942,121.3210206,Sunny,Dry,Motorcycle,46,Female,Pedestrian accident,Overspeeding,2,0
16/09/2020,2020,9:58,Wednesday,Dolores,14.05780587,121.3132106,Sunny,Dry,Bus,31,Female,Rear-end collision,Inexperience,1,0
24/01/2021,2021,7:51,Sunday,San Juan (Putol),14.06886265,121.3202935,Rainy,Wet,Tricycle,41,Female,Rear-end collision,Mechanical Failure,1,0
22/01/2024,2024,17:49,Monday,II-D (Bulante),14.08050454,121.330515,Sunny,Dry,Motorcycle,46,Female,Head-on collision,Reckless Driving,2,1
10/06/2021,2021,20:43,Thursday,III-E,14.06032086,121.3100919,Stormy,Potholes,Motorcycle,35,Female,Head-on collision,Fatigue,2,0
01/10/2024,2024,11:18,Tuesday,San Jose (Malamig),14.06997518,121.3024485,Sunny,Dry,Car,36,Male,Rear-end collision,Mechanical Failure,2,0
17/10/2021,2021,5:21,Sunday,San Vicente,14.0743739,121.3031316,Sunny,Gravel,Motorcycle,42,Male,Single vehicle accident,Distracted Driving,1,0
18/08/2022,2022,9:09,Thursday,V-C,14.08099735,121.3294781,Rainy,Wet,Bus,40,Male,Head-on collision,Poor Maintenance,4,0
24/08/2020,2020,23:43,Monday,San Vicente,14.08898176,121.3397336,Rainy,Wet,Motorcycle,23,Male,Rear-end collision,Poor Maintenance,0,0
08/01/2021,2021,9:00,Friday,II-A (Triangulo Guadalupe 2),14.06083688,121.3085876,Sunny,Potholes,Tricycle,44,Female,Head-on collision,Reckless Driving,3,0
20/09/2024,2024,17:43,Friday,San Isidro (Balagbag),14.05000186,121.3008877,Sunny,Dry,Truck,40,Female,Head-on collision,Fatigue,1,1
15/02/2022,2022,7:24,Tuesday,San Antonio 1 (Balanga),14.06080136,121.3095733,Sunny,Dry,Bicycle,35,Male,Head-on collision,Overloading,2,0
10/12/2023,2023,5:19,Sunday,San Ignacio,14.08626024,121.3334214,Cloudy,Dry,Motorcycle,28,Male,Head-on collision,Overspeeding,5,0
03/02/2021,2021,9:31,Wednesday,San Gregorio,14.07096875,121.3196795,Sunny,Dry,Bus,21,Male,Side-impact collision,Overloading,3,0
19/08/2021,2021,20:39,Thursday,II-D (Bulante),14.05098179,121.3002593,Cloudy,Dry,Motorcycle,36,Male,Single vehicle accident,Reckless Driving,0,0
09/05/2022,2022,13:56,Monday,I-A (Sambat),14.06026887,121.3454537,Sunny,Dry,Truck,45,Male,Rear-end collision,Drunk Driving,0,0
26/08/2024,2024,13:09,Monday,San Buenaventura (Palakpakin),14.09108459,121.3280282,Sunny,Dry,Motorcycle,36,Male,Pedestrian accident,Inexperience,1,0
05/08/2020,2020,10:53,Wednesday,San Crispin (Lumbangan),14.06112789,121.3110556,Sunny,Dry,Bicycle,52,Male,Head-on collision,Fatigue,6,0
12/12/2020,2020,22:48,Saturday,II-B (Guadalupe 1),14.0839435,121.3305189,Rainy,Wet,Bus,53,Female,Rear-end collision,Poor Maintenance,2,0
10/09/2024,2024,23:13,Tuesday,Santa Isabel,14.04992708,121.2997443,Sunny,Potholes,Car,22,Male,Head-on collision,Drunk Driving,4,0
31/03/2020,2020,21:28,Tuesday,San Antonio 2 (Sapa),14.08044297,121.3141952,Sunny,Dry,Motorcycle,27,Male,Single vehicle accident,Distracted Driving,2,1
11/05/2024,2024,19:04,Saturday,San Nicolas (Mag-ampong),14.0804843,121.3179503,Sunny,Gravel,Car,38,Male,Rear-end collision,Overspeeding,1,0
19/08/2024,2024,17:37,Monday,VI-E (YMCA),14.04863785,121.300552,Cloudy,Dry,Car,34,Female,Side-impact collision,Drunk Driving,0,0
13/04/2021,2021,4:44,Tuesday,San Cristobal,14.09122619,121.3414217,Sunny,Dry,Car,43,Male,Head-on collision,Distracted Driving,2,0
16/07/2022,2022,5:16,Saturday,San Diego (Tilim),14.07810333,121.329203,Cloudy,Dry,Motorcycle,46,Male,Side-impact collision,Drunk Driving,1,0
15/03/2024,2024,8:13,Friday,VI-D (Lparkers),14.05862206,121.3099598,Sunny,Gravel,Motorcycle,39,Male,Rear-end collision,Distracted Driving,1,0
25/06/2020,2020,22:50,Thursday,V-D,14.07802332,121.3203351,Rainy,Wet,Car,23,Female,Single vehicle accident,Distracted Driving,1,0
21/01/2020,2020,15:57,Tuesday,VII-E,14.08074043,121.3296308,Cloudy,Dry,Bus,26,Male,Rear-end collision,Distracted Driving,2,0
02/01/2021,2021,15:08,Saturday,San Rafael (Buluburan),14.04901153,121.3006408,Sunny,Dry,Car,27,Male,Rear-end collision,Poor Maintenance,0,0
12/08/2022,2022,9:58,Friday,Santa Monica,14.07293121,121.3318792,Sunny,Dry,Motorcycle,28,Female,Rear-end collision,Distracted Driving,1,0
15/08/2023,2023,6:59,Tuesday,VII-C,14.05966709,121.3111466,Sunny,Dry,Car,50,Male,Single vehicle accident,Overloading,0,0
19/02/2020,2020,9:00,Wednesday,V-C,14.06569067,121.3435216,Sunny,Dry,Motorcycle,34,Female,Rear-end collision,Poor Maintenance,1,0
04/06/2021,2021,0:48,Friday,San Nicolas (Mag-ampong),14.05923868,121.3106478,Sunny,Potholes,Bus,28,Female,Rear-end collision,Poor Maintenance,0,0
20/01/2021,2021,8:29,Wednesday,II-E (San Anton),14.08899907,121.340291,Sunny,Dry,Tricycle,38,Female,Pedestrian accident,Reckless Driving,1,1
20/04/2024,2024,16:30,Saturday,II-F (Villa Rey),14.08000604,121.3311576,Sunny,Dry,Car,47,Male,Head-on collision,Overspeeding,1,1
21/05/2022,2022,8:03,Saturday,VI-A (Mavenida),14.07901544,121.3314929,Sunny,Dry,Truck,49,Male,Rear-end collision,Drunk Driving,0,0
11/06/2023,2023,22:34,Sunday,II-B (Guadalupe 1),14.0750725,121.3055672,Sunny,Potholes,Car,18,Male,Single vehicle accident,Overspeeding,2,0
27/01/2022,2022,2:46,Thursday,VI-E (YMCA),14.0816113,121.3182412,Sunny,Gravel,Car,34,Male,Rear-end collision,Overspeeding,0,0
24/11/2022,2022,11:13,Thursday,Santa Monica,14.06845032,121.3190789,Sunny,Dry,Motorcycle,30,Male,Side-impact collision,Poor Maintenance,1,0
21/07/2020,2020,17:54,Tuesday,Santo Cristo,14.07888329,121.3307015,Rainy,Wet,Motorcycle,38,Female,Rear-end collision,Poor Maintenance,0,0
30/12/2021,2021,9:02,Thursday,V-B,14.0707505,121.318847,Sunny,Dry,Motorcycle,37,Female,Head-on collision,Distracted Driving,2,0
14/10/2023,2023,19:02,Saturday,V-C,14.09304823,121.3284479,Rainy,Wet,Car,42,Female,Rear-end collision,Mechanical Failure,0,0
11/06/2021,2021,13:49,Friday,Santa Monica,14.07027222,121.320014,Rainy,Potholes,Bicycle,56,Female,Rear-end collision,Overspeeding,2,0
14/07/2021,2021,18:48,Wednesday,Santa Cruz (Putol),14.04906767,121.2995857,Cloudy,Gravel,Bus,34,Male,Single vehicle accident,Poor Maintenance,0,0
25/11/2021,2021,9:51,Thursday,San Antonio 2 (Sapa),14.08002312,121.3306628,Sunny,Dry,Bicycle,37,Male,Head-on collision,Fatigue,3,1
22/01/2022,2022,23:13,Saturday,San Antonio 2 (Sapa),14.08976044,121.3412788,Sunny,Dry,Motorcycle,29,Male,Head-on collision,Overspeeding,0,0
29/03/2024,2024,17:49,Friday,Santo Cristo,14.06066272,121.3095416,Cloudy,Dry,Motorcycle,23,Male,Pedestrian accident,Distracted Driving,1,0
08/12/2020,2020,15:15,Tuesday,San Antonio 2 (Sapa),14.08320238,121.3411857,Rainy,Wet,Tricycle,18,Female,Single vehicle accident,Overspeeding,0,1
08/07/2020,2020,14:48,Wednesday,Santa Isabel,14.0480973,121.2991014,Sunny,Potholes,Car,43,Male,Rear-end collision,Mechanical Failure,1,0
26/12/2021,2021,14:16,Sunday,San Juan (Putol),14.08053967,121.3311035,Sunny,Dry,Car,30,Male,Rear-end collision,Poor Maintenance,1,0
08/01/2020,2020,11:09,Wednesday,II-D (Bulante),14.05202521,121.3311525,Sunny,Dry,Motorcycle,56,Male,Head-on collision,Fatigue,3,0
14/10/2023,2023,18:46,Saturday,Bautista,14.06094116,121.3110224,Cloudy,Potholes,Tricycle,26,Female,Side-impact collision,Mechanical Failure,4,0
06/06/2024,2024,17:06,Thursday,San Francisco (Calihan),14.06998672,121.3197429,Rainy,Potholes,Car,45,Male,Rear-end collision,Overspeeding,3,0
19/05/2023,2023,19:09,Friday,V-D,14.09141599,121.3059227,Sunny,Potholes,Car,42,Female,Single vehicle accident,Inexperience,1,1
27/08/2021,2021,22:09,Friday,II-E (San Anton),14.05946058,121.3094629,Rainy,Wet,Tricycle,28,Male,Pedestrian accident,Poor Maintenance,1,2
16/05/2021,2021,15:36,Sunday,San Gregorio,14.06858841,121.3215876,Sunny,Dry,Bicycle,27,Male,Rear-end collision,Mechanical Failure,1,0
31/12/2020,2020,22:34,Thursday,San Miguel (Balintin),14.05519637,121.3075999,Rainy,Potholes,Motorcycle,38,Male,Single vehicle accident,Poor Maintenance,0,0
09/08/2023,2023,11:28,Wednesday,Concepcion (Bunot),14.06949113,121.3188284,Rainy,Wet,Car,30,Male,Rear-end collision,Overspeeding,1,0
22/03/2021,2021,20:06,Monday,San Lorenzo (Saluyan),14.05033624,121.301127,Sunny,Dry,Motorcycle,23,Male,Rear-end collision,Distracted Driving,1,0
19/04/2023,2023,16:48,Wednesday,Santo Angel (Ilog),14.0908892,121.3403188,Sunny,Dry,Tricycle,45,Male,Rear-end collision,Mechanical Failure,0,0
19/12/2022,2022,0:11,Monday,Santa Ana,14.09595813,121.3036788,Sunny,Dry,Motorcycle,32,Male,Rear-end collision,Poor Maintenance,0,1
04/11/2023,2023,2:50,Saturday,Bautista,14.08997364,121.3392546,Sunny,Gravel,Bicycle,40,Male,Head-on collision,Mechanical Failure,3,0
19/05/2021,2021,6:10,Wednesday,San Lorenzo (Saluyan),14.04971221,121.3010526,Rainy,Wet,Motorcycle,44,Male,Head-on collision,Overloading,3,1
05/02/2021,2021,8:25,Friday,III-B,14.04833628,121.2989684,Rainy,Wet,Car,38,Male,Pedestrian accident,Reckless Driving,0,0
25/02/2023,2023,19:31,Saturday,San Joaquin,14.05914284,121.3096871,Cloudy,Dry,Truck,41,Male,Rear-end collision,Drunk Driving,1,0
26/02/2020,2020,8:48,Wednesday,IV-A,14.04969868,121.3007301,Stormy,Wet,Motorcycle,47,Male,Pedestrian accident,Drunk Driving,0,2
11/08/2021,2021,13:44,Wednesday,V-A,14.08413497,121.3489912,Stormy,Wet,Motorcycle,21,Female,Head-on collision,Reckless Driving,5,1
10/09/2020,2020,8:29,Thursday,Santo Niño (Arsum),14.07476165,121.3273229,Rainy,Gravel,Motorcycle,41,Male,Pedestrian accident,Drunk Driving,0,1
06/02/2020,2020,9:22,Thursday,San Buenaventura (Palakpakin),14.05833283,121.3097538,Sunny,Dry,Motorcycle,48,Male,Head-on collision,Distracted Driving,5,0
09/08/2023,2023,13:39,Wednesday,Concepcion (Bunot),14.07993,121.3303562,Sunny,Dry,Car,18,Male,Rear-end collision,Reckless Driving,3,0
02/12/2023,2023,0:42,Saturday,III-E,14.0804948,121.3284917,Sunny,Potholes,Car,40,Male,Side-impact collision,Overloading,2,0
27/04/2020,2020,8:08,Monday,Santa Veronica (Bae),14.06990827,121.319778,Sunny,Dry,Motorcycle,29,Male,Side-impact collision,Overspeeding,0,0
12/10/2020,2020,2:27,Monday,Santa Monica,14.08840077,121.3404983,Sunny,Dry,Bicycle,35,Female,Head-on collision,Poor Maintenance,3,0
17/10/2023,2023,12:13,Tuesday,VII-A (P. Alcantara),14.05873284,121.3103697,Sunny,Dry,Car,28,Female,Single vehicle accident,Fatigue,2,0
29/07/2020,2020,18:52,Wednesday,V-D,14.09535059,121.3306079,Sunny,Dry,Motorcycle,36,Male,Rear-end collision,Fatigue,0,0
17/04/2020,2020,9:31,Friday,III-C (Labak/De Roma),14.04881742,121.2986919,Sunny,Dry,Tricycle,25,Male,Single vehicle accident,Mechanical Failure,0,0
24/08/2022,2022,8:02,Wednesday,San Pedro,14.0608427,121.3096087,Sunny,Dry,Car,21,Male,Rear-end collision,Inexperience,1,0
05/05/2020,2020,9:31,Tuesday,VII-C,14.07084615,121.3195366,Sunny,Dry,Truck,34,Male,Rear-end collision,Overloading,1,1
24/06/2022,2022,16:37,Friday,Santa Catalina (Sandig),14.05442802,121.3324011,Sunny,Dry,Bus,42,Male,Pedestrian accident,Poor Maintenance,2,0
03/01/2022,2022,17:53,Monday,Santo Angel (Ilog),14.08052606,121.329898,Rainy,Wet,Bicycle,31,Female,Head-on collision,Overspeeding,4,2
24/01/2021,2021,11:45,Sunday,San Antonio 1 (Balanga),14.09128122,121.3401433,Rainy,Wet,Car,20,Male,Rear-end collision,Poor Maintenance,2,0
07/12/2024,2024,8:40,Saturday,Del Remedio (Wawa),14.04952514,121.3013213,Stormy,Wet,Bus,29,Male,Side-impact collision,Distracted Driving,3,0
23/02/2024,2024,2:53,Friday,San Lucas 1 (Sabang),14.08093059,121.3281294,Sunny,Dry,Motorcycle,35,Male,Rear-end collision,Drunk Driving,0,0
16/04/2023,2023,3:57,Sunday,III-A (Hermanos Belen),14.07222889,121.314322,Stormy,Wet,Motorcycle,40,Female,Side-impact collision,Drunk Driving,3,0
30/10/2023,2023,0:58,Monday,VI-C (Bagong Pook),14.07361473,121.3059861,Sunny,Dry,Bicycle,26,Male,Single vehicle accident,Poor Maintenance,0,0
30/05/2020,2020,4:57,Saturday,Santa Maria Magdalena (Boe / Kuba),14.0701924,121.320534,Sunny,Dry,Car,47,Female,Side-impact collision,Poor Maintenance,2,0
09/09/2022,2022,16:22,Friday,Santa Ana,14.07966985,121.3284477,Rainy,Wet,Car,18,Male,Head-on collision,Reckless Driving,2,1
14/03/2021,2021,0:11,Sunday,Dolores,14.06033674,121.3170059,Sunny,Dry,Tricycle,44,Male,Side-impact collision,Mechanical Failure,1,0
08/10/2023,2023,3:40,Sunday,III-E,14.07042381,121.3201116,Sunny,Dry,Bicycle,43,Female,Head-on collision,Overspeeding,4,1
19/06/2021,2021,12:49,Saturday,I-B (City+Riverside),14.05064017,121.2995983,Cloudy,Dry,Car,28,Male,Rear-end collision,Overloading,2,0
16/09/2021,2021,19:35,Thursday,San Lucas 1 (Sabang),14.08967751,121.3409549,Rainy,Wet,Tricycle,31,Male,Rear-end collision,Drunk Driving,1,0
19/10/2023,2023,1:59,Thursday,San Lucas 2 (Malinaw),14.08822133,121.3370049,Rainy,Gravel,Car,28,Male,Rear-end collision,Poor Maintenance,0,0
27/04/2023,2023,9:35,Thursday,Concepcion (Bunot),14.05898943,121.3088469,Sunny,Gravel,Tricycle,18,Male,Rear-end collision,Mechanical Failure,3,0
21/09/2023,2023,23:05,Thursday,San Lorenzo (Saluyan),14.09226611,121.3387261,Rainy,Wet,Car,23,Male,Rear-end collision,Poor Maintenance,0,0
14/04/2022,2022,6:06,Thursday,Soledad (Macopa),14.07953822,121.3316065,Sunny,Gravel,Motorcycle,38,Male,Single vehicle accident,Poor Maintenance,1,0
15/08/2023,2023,4:45,Tuesday,Dolores,14.08922096,121.3392877,Sunny,Dry,Car,32,Male,Rear-end collision,Poor Maintenance,2,0
03/09/2021,2021,20:55,Friday,V-A,14.09938745,121.3345071,Sunny,Potholes,Car,26,Male,Pedestrian accident,Reckless Driving,3,0
12/05/2020,2020,16:37,Tuesday,San Pedro,14.05955092,121.3090309,Cloudy,Dry,Bus,32,Male,Side-impact collision,Overspeeding,1,0
12/05/2023,2023,4:09,Friday,II-D (Bulante),14.05015915,121.3001613,Sunny,Dry,Car,32,Male,Head-on collision,Overspeeding,5,0
02/08/2022,2022,10:13,Tuesday,Santa Catalina (Sandig),14.08994158,121.3381066,Stormy,Wet,Car,39,Female,Single vehicle accident,Overloading,1,0
05/09/2020,2020,5:46,Saturday,San Pedro,14.05618092,121.333284,Rainy,Wet,Motorcycle,22,Male,Pedestrian accident,Mechanical Failure,0,2
15/10/2022,2022,7:20,Saturday,San Francisco (Calihan),14.07810006,121.344162,Sunny,Dry,Tricycle,32,Female,Head-on collision,Overspeeding,2,0
12/09/2022,2022,7:50,Monday,San Francisco (Calihan),14.07090051,121.317809,Stormy,Wet,Motorcycle,45,Female,Rear-end collision,Overloading,1,0
11/12/2022,2022,18:13,Sunday,IV-B,14.08442956,121.3373651,Sunny,Dry,Car,30,Male,Rear-end collision,Reckless Driving,1,0
02/08/2024,2024,18:13,Friday,San Mateo (Imok),14.06064914,121.3273786,Sunny,Dry,Motorcycle,26,Female,Single vehicle accident,Mechanical Failure,0,0
23/10/2020,2020,17:37,Friday,IV-A,14.0574754,121.3098757,Sunny,Dry,Car,58,Male,Rear-end collision,Inexperience,1,0
02/02/2020,2020,16:42,Sunday,VI-A (Mavenida),14.06315504,121.301577,Sunny,Dry,Motorcycle,43,Female,Head-on collision,Poor Maintenance,6,1
23/12/2020,2020,22:40,Wednesday,VII-E,14.05778624,121.3190778,Stormy,Wet,Motorcycle,25,Female,Side-impact collision,Poor Maintenance,3,0
27/02/2023,2023,6:25,Monday,VII-E,14.06431696,121.3297795,Sunny,Dry,Car,21,Male,Head-on collision,Overspeeding,2,2
15/04/2021,2021,16:20,Thursday,San Vicente,14.08349346,121.3205836,Rainy,Wet,Car,43,Male,Head-on collision,Inexperience,4,0
23/04/2022,2022,1:55,Saturday,Soledad (Macopa),14.05840493,121.3099474,Rainy,Wet,Motorcycle,18,Male,Rear-end collision,Fatigue,0,0
15/12/2021,2021,1:41,Wednesday,VI-C (Bagong Pook),14.0876371,121.3392373,Rainy,Wet,Car,39,Male,Single vehicle accident,Distracted Driving,1,0
22/07/2023,2023,17:16,Saturday,San Diego (Tilim),14.09032292,121.340818,Cloudy,Potholes,Motorcycle,37,Male,Pedestrian accident,Poor Maintenance,2,0