Date,Year,Time,Day_of_Week,Barangay,Latitude,Longitude,Weather,Road_Condition,Vehicle_Type,Driver_Age,Driver_Gender,Accident_Cause,Road_Accident_Type,Injuries,Fatalities
03/03/2020,2020,5:01,Tuesday,II-F (Villa Rey),14.08893823,121.3389956,Rainy,Wet,Motorcycle,46,Male,Head-on collision,Overloading,4,0
03/12/2020,2020,22:46,Thursday,III-F (Balagtas),14.04859249,121.2973204,Rainy,Wet,Motorcycle,36,Male,Side-impact collision,Fatigue,2,0
18/06/2023,2023,11:05,Sunday,VI-C (Bagong Pook),14.08450708,121.3018285,Sunny,Dry,Car,21,Male,Pedestrian accident,Overloading,2,0
14/08/2024,2024,18:45,Wednesday,Santa Maria Magdalena (Boe / Kuba),14.08213137,121.3300369,Rainy,Gravel,Bus,30,Male,Rear-end collision,Overspeeding,1,0
21/01/2023,2023,5:39,Saturday,III-E,14.05973851,121.3112972,Sunny,Potholes,Car,21,Male,Single vehicle accident,Inexperience,1,0
04/05/2024,2024,16:26,Saturday,I-A (Sambat),14.09055113,121.3397383,Sunny,Dry,Car,47,Female,Rear-end collision,Mechanical Failure,0,0
19/06/2024,2024,2:30,Wednesday,IV-B,14.07028077,121.3198695,Sunny,Potholes,Truck,31,Female,Pedestrian accident,Drunk Driving,2,0
08/07/2023,2023,6:01,Saturday,IV-C,14.08982943,121.3404206,Sunny,Dry,Truck,29,Male,Single vehicle accident,Inexperience,1,0
28/08/2023,2023,15:29,Monday,San Nicolas (Mag-ampong),14.0482263,121.3014075,Sunny,Dry,Motorcycle,40,Male,Side-impact collision,Drunk Driving,0,0
11/12/2020,2020,19:00,Friday,II-D (Bulante),14.08208491,121.3310594,Stormy,Wet,Motorcycle,46,Male,Single vehicle accident,Overloading,2,0
30/06/2024,2024,2:20,Sunday,San Pedro,14.0521108,121.3334526,Sunny,Dry,Motorcycle,44,Female,Side-impact collision,Reckless Driving,3,0
26/03/2023,2023,12:12,Sunday,II-E (San Anton),14.07913548,121.3290657,Sunny,Dry,Car,40,Female,Rear-end collision,Distracted Driving,2,0
30/10/2020,2020,19:20,Friday,San Francisco (Calihan),14.06867202,121.3204626,Sunny,Dry,Motorcycle,49,Female,Single vehicle accident,Overspeeding,3,0
13/01/2023,2023,21:35,Friday,Santo Cristo,14.06906109,121.3196785,Rainy,Wet,Motorcycle,34,Male,Rear-end collision,Poor Maintenance,1,0
21/02/2023,2023,21:45,Tuesday,Del Remedio (Wawa),14.07040685,121.322781,Rainy,Wet,Motorcycle,31,Male,Single vehicle accident,Poor Maintenance,0,1
10/08/2022,2022,7:08,Wednesday,San Marcos (Tikew),14.05839715,121.337228,Rainy,Wet,Motorcycle,27,Male,Side-impact collision,Overloading,2,0
18/02/2023,2023,5:45,Saturday,San Rafael (Buluburan),14.05011788,121.2997604,Rainy,Wet,Tricycle,50,Female,Rear-end collision,Overspeeding,1,1
04/11/2021,2021,7:49,Thursday,III-E,14.08555064,121.3394121,Rainy,Wet,Motorcycle,37,Male,Head-on collision,Fatigue,4,0
10/11/2021,2021,20:25,Wednesday,San Francisco (Calihan),14.08497796,121.3345453,Sunny,Dry,Motorcycle,40,Female,Rear-end collision,Mechanical Failure,1,0
13/03/2024,2024,9:12,Wednesday,Santo Niño (Arsum),14.08069516,121.3197963,Sunny,Dry,Car,45,Female,Single vehicle accident,Overloading,0,0
17/06/2024,2024,5:10,Monday,II-F (Villa Rey),14.07054651,121.320272,Rainy,Gravel,Car,36,Female,Head-on collision,Poor Maintenance,2,1
14/08/2021,2021,0:35,Saturday,III-E,14.08888014,121.3391607,Rainy,Wet,Car,25,Male,Rear-end collision,Fatigue,1,0
12/09/2024,2024,22:03,Thursday,San Jose (Malamig),14.08473196,121.3294762,Sunny,Dry,Car,36,Female,Rear-end collision,Distracted Driving,0,1
29/09/2023,2023,13:24,Friday,Santo Angel (Ilog),14.07936203,121.3300506,Cloudy,Dry,Motorcycle,22,Male,Head-on collision,Drunk Driving,4,0
22/05/2020,2020,6:54,Friday,San Miguel (Balintin),14.08152373,121.3324323,Sunny,Dry,Car,46,Male,Pedestrian accident,Distracted Driving,0,0
24/04/2020,2020,22:16,Friday,III-E,14.08034268,121.3300481,Rainy,Wet,Car,44,Male,Side-impact collision,Fatigue,0,0
30/06/2023,2023,22:02,Friday,V-C,14.09222416,121.3395686,Stormy,Wet,Car,46,Female,Head-on collision,Poor Maintenance,6,1
23/07/2024,2024,0:30,Tuesday,San Antonio 2 (Sapa),14.0590693,121.3111049,Rainy,Wet,Motorcycle,54,Male,Side-impact collision,Drunk Driving,3,0
21/11/2023,2023,11:22,Tuesday,San Nicolas (Mag-ampong),14.07010161,121.3204101,Sunny,Dry,Motorcycle,33,Male,Side-impact collision,Overspeeding,2,0
22/05/2020,2020,14:02,Friday,Santa Veronica (Bae),14.04958136,121.30124,Cloudy,Gravel,Motorcycle,57,Male,Rear-end collision,Overspeeding,0,0
16/02/2021,2021,20:50,Tuesday,III-F (Balagtas),14.06907047,121.317822,Rainy,Wet,Car,36,Male,Side-impact collision,Mechanical Failure,4,0
15/05/2021,2021,15:26,Saturday,San Roque (Sambat),14.06025846,121.3095019,Sunny,Dry,Car,37,Male,Side-impact collision,Drunk Driving,1,0
15/08/2023,2023,19:09,Tuesday,VI-E (YMCA),14.07224402,121.322668,Cloudy,Dry,Motorcycle,57,Male,Side-impact collision,Poor Maintenance,3,0
30/09/2024,2024,18:25,Monday,San Francisco (Calihan),14.04934738,121.3006034,Cloudy,Dry,Bus,36,Female,Head-on collision,Reckless Driving,5,0
07/04/2021,2021,9:27,Wednesday,I-B (City+Riverside),14.08975911,121.3400263,Sunny,Dry,Truck,55,Male,Head-on collision,Mechanical Failure,0,1
14/09/2024,2024,16:15,Saturday,III-E,14.06774347,121.3255795,Stormy,Gravel,Motorcycle,54,Male,Side-impact collision,Reckless Driving,6,1
18/01/2024,2024,9:15,Thursday,Santa Catalina (Sandig),14.09538971,121.3166934,Sunny,Dry,Motorcycle,22,Male,Single vehicle accident,Mechanical Failure,1,0
10/07/2020,2020,8:17,Friday,Santa Elena,14.08938762,121.3395275,Sunny,Dry,Car,27,Male,Side-impact collision,Reckless Driving,0,0
11/08/2021,2021,5:28,Wednesday,San Buenaventura (Palakpakin),14.0601138,121.3097461,Sunny,Dry,Motorcycle,23,Female,Head-on collision,Inexperience,6,0
23/05/2020,2020,17:24,Saturday,IV-B,14.09072149,121.340804,Sunny,Potholes,Car,24,Female,Rear-end collision,Poor Maintenance,0,0
24/01/2022,2022,12:09,Monday,VI-C (Bagong Pook),14.0698045,121.3210139,Rainy,Gravel,Motorcycle,23,Male,Rear-end collision,Inexperience,0,0
10/04/2022,2022,8:10,Sunday,VII-C,14.08723367,121.314338,Sunny,Dry,Motorcycle,51,Male,Rear-end collision,Distracted Driving,3,0
03/10/2020,2020,13:09,Saturday,San Jose (Malamig),14.08651001,121.3168547,Sunny,Dry,Motorcycle,39,Male,Side-impact collision,Overspeeding,2,0
07/02/2024,2024,22:39,Wednesday,III-F (Balagtas),14.06017872,121.3104921,Rainy,Wet,Tricycle,43,Male,Head-on collision,Overspeeding,3,1
09/02/2023,2023,18:57,Thursday,San Antonio 2 (Sapa),14.08440262,121.3427898,Sunny,Dry,Car,40,Male,Head-on collision,Reckless Driving,4,1
19/04/2020,2020,7:10,Sunday,Dolores,14.04763044,121.3008583,Sunny,Dry,Car,35,Male,Rear-end collision,Poor Maintenance,1,0
03/02/2024,2024,17:55,Saturday,Santa Monica,14.07071559,121.3213622,Rainy,Wet,Car,28,Male,Rear-end collision,Drunk Driving,1,0
02/04/2023,2023,8:28,Sunday,Dolores,14.07118275,121.3177049,Sunny,Dry,Motorcycle,38,Female,Rear-end collision,Distracted Driving,1,0
10/11/2021,2021,19:03,Wednesday,San Joaquin,14.09969854,121.3365652,Sunny,Dry,Truck,40,Male,Rear-end collision,Fatigue,1,0
29/11/2024,2024,19:29,Friday,V-C,14.08072776,121.3291867,Sunny,Dry,Car,27,Male,Side-impact collision,Distracted Driving,1,1
09/12/2022,2022,23:23,Friday,San Isidro (Balagbag),14.06974005,121.3200167,Rainy,Potholes,Truck,31,Male,Single vehicle accident,Distracted Driving,1,1
28/08/2022,2022,7:28,Sunday,San Juan (Putol),14.09596288,121.3158755,Cloudy,Dry,Truck,40,Male,Rear-end collision,Poor Maintenance,1,0
29/05/2024,2024,13:48,Wednesday,II-D (Bulante),14.05923457,121.3112479,Sunny,Dry,Car,51,Male,Single vehicle accident,Inexperience,1,0
29/03/2023,2023,8:21,Wednesday,San Lorenzo (Saluyan),14.08024252,121.3322215,Sunny,Dry,Car,25,Male,Head-on collision,Fatigue,1,1
20/01/2022,2022,17:04,Thursday,San Lucas 1 (Sabang),14.09020034,121.3397108,Rainy,Wet,Tricycle,18,Male,Rear-end collision,Reckless Driving,0,0
05/09/2023,2023,19:15,Tuesday,Santa Ana,14.05051122,121.299336,Rainy,Wet,Motorcycle,18,Male,Single vehicle accident,Inexperience,2,0
07/01/2023,2023,6:47,Saturday,San Isidro (Balagbag),14.05953,121.3081604,Cloudy,Dry,Motorcycle,27,Male,Head-on collision,Inexperience,3,0
09/02/2022,2022,14:27,Wednesday,San Antonio 2 (Sapa),14.09000514,121.3392987,Cloudy,Dry,Truck,46,Female,Side-impact collision,Poor Maintenance,2,0
17/05/2020,2020,19:52,Sunday,VI-E (YMCA),14.09441755,121.3029334,Rainy,Potholes,Motorcycle,33,Male,Head-on collision,Drunk Driving,0,0
06/06/2021,2021,13:18,Sunday,I-A (Sambat),14.05834757,121.3486916,Sunny,Dry,Car,30,Female,Single vehicle accident,Distracted Driving,0,1
26/05/2022,2022,11:52,Thursday,II-A (Triangulo Guadalupe 2),14.09165764,121.3096009,Cloudy,Potholes,Truck,26,Male,Side-impact collision,Poor Maintenance,1,0
11/09/2022,2022,8:40,Sunday,VII-A (P. Alcantara),14.06000212,121.3092292,Rainy,Wet,Car,40,Male,Side-impact collision,Mechanical Failure,0,0
01/12/2024,2024,1:56,Sunday,San Lucas 1 (Sabang),14.0799523,121.3294208,Sunny,Dry,Motorcycle,48,Male,Pedestrian accident,Mechanical Failure,4,1
05/03/2024,2024,5:28,Tuesday,II-D (Bulante),14.07913221,121.332272,Sunny,Dry,Truck,43,Male,Side-impact collision,Poor Maintenance,2,0
20/02/2022,2022,10:09,Sunday,Del Remedio (Wawa),14.0514126,121.3450805,Rainy,Wet,Car,46,Male,Head-on collision,Overspeeding,5,1
21/12/2021,2021,12:11,Tuesday,V-D,14.07882746,121.3292043,Sunny,Potholes,Truck,41,Male,Head-on collision,Inexperience,2,1
19/06/2020,2020,14:37,Friday,VI-E (YMCA),14.0907106,121.3392352,Rainy,Wet,Car,42,Female,Rear-end collision,Poor Maintenance,0,0
25/04/2020,2020,10:52,Saturday,San Jose (Malamig),14.09055403,121.3392424,Cloudy,Dry,Tricycle,25,Male,Head-on collision,Inexperience,2,2
06/09/2021,2021,19:45,Monday,III-D (Vilongco),14.06769722,121.3206776,Rainy,Wet,Car,26,Female,Head-on collision,Drunk Driving,1,2
24/07/2024,2024,19:40,Wednesday,II-E (San Anton),14.04940447,121.3002143,Rainy,Wet,Tricycle,37,Female,Rear-end collision,Distracted Driving,1,0
30/09/2022,2022,20:11,Friday,San Francisco (Calihan),14.05967606,121.3101062,Rainy,Wet,Motorcycle,31,Male,Side-impact collision,Reckless Driving,2,0
23/02/2021,2021,4:13,Tuesday,Santo Angel (Ilog),14.06105026,121.307123,Cloudy,Gravel,Truck,33,Male,Rear-end collision,Poor Maintenance,1,0
21/10/2021,2021,8:37,Thursday,II-D (Bulante),14.07753049,121.344857,Rainy,Wet,Motorcycle,45,Male,Pedestrian accident,Overloading,1,0
13/05/2020,2020,7:11,Wednesday,VII-B,14.07019729,121.3195721,Sunny,Dry,Car,46,Male,Rear-end collision,Overloading,1,1
09/12/2021,2021,23:52,Thursday,I-B (City+Riverside),14.05168202,121.3001186,Sunny,Dry,Car,20,Male,Single vehicle accident,Poor Maintenance,3,0
20/02/2024,2024,18:39,Tuesday,V-D,14.05211128,121.3059771,Rainy,Wet,Car,33,Female,Rear-end collision,Overspeeding,2,0
17/04/2024,2024,6:25,Wednesday,Santo Cristo,14.08944569,121.3407685,Rainy,Wet,Motorcycle,25,Female,Rear-end collision,Inexperience,5,0
06/06/2024,2024,12:10,Thursday,San Juan (Putol),14.09415201,121.3224485,Sunny,Dry,Motorcycle,37,Male,Side-impact collision,Overloading,2,0
13/04/2021,2021,14:20,Tuesday,Santo Cristo,14.06162835,121.3110103,Rainy,Wet,Motorcycle,20,Female,Rear-end collision,Mechanical Failure,3,0
27/05/2022,2022,19:48,Friday,Santiago II (Bulaho),14.0491556,121.3025291,Sunny,Dry,Tricycle,31,Female,Rear-end collision,Drunk Driving,0,0
01/07/2021,2021,8:07,Thursday,San Mateo (Imok),14.07853226,121.3299256,Rainy,Wet,Motorcycle,41,Male,Rear-end collision,Fatigue,1,0
09/01/2022,2022,18:35,Sunday,San Miguel (Balintin),14.0589028,121.310119,Rainy,Wet,Bicycle,41,Male,Side-impact collision,Mechanical Failure,0,0
18/07/2021,2021,4:57,Sunday,Santa Ana,14.05919649,121.3099898,Sunny,Dry,Truck,30,Female,Rear-end collision,Mechanical Failure,1,0
16/01/2020,2020,18:37,Thursday,Santa Maria,14.08902964,121.3220467,Cloudy,Dry,Car,22,Female,Single vehicle accident,Reckless Driving,0,0
25/01/2020,2020,1:21,Saturday,V-B,14.08522674,121.3117534,Cloudy,Dry,Motorcycle,31,Male,Rear-end collision,Fatigue,0,0
11/12/2020,2020,3:27,Friday,San Roque (Sambat),14.06725112,121.320654,Stormy,Wet,Motorcycle,21,Male,Single vehicle accident,Poor Maintenance,1,0
06/11/2024,2024,21:10,Wednesday,San Buenaventura (Palakpakin),14.05137712,121.2988364,Rainy,Wet,Truck,38,Male,Pedestrian accident,Drunk Driving,3,1
07/05/2020,2020,9:24,Thursday,VII-E,14.0497432,121.300022,Sunny,Dry,Car,35,Male,Rear-end collision,Drunk Driving,1,0
29/03/2020,2020,11:52,Sunday,V-D,14.090041,121.3399348,Rainy,Wet,Truck,18,Male,Head-on collision,Inexperience,3,0
16/03/2020,2020,10:17,Monday,II-A (Triangulo Guadalupe 2),14.0698825,121.3213716,Sunny,Dry,Motorcycle,33,Male,Single vehicle accident,Fatigue,0,0
08/09/2023,2023,15:07,Friday,Atisan,14.06042618,121.3100011,Rainy,Potholes,Car,37,Male,Head-on collision,Inexperience,1,0
21/09/2022,2022,11:08,Wednesday,Santa Isabel,14.07134176,121.3199511,Rainy,Wet,Car,36,Female,Rear-end collision,Overloading,2,0
26/11/2024,2024,21:25,Tuesday,Santo Niño (Arsum),14.04890029,121.3010585,Sunny,Dry,Truck,37,Male,Side-impact collision,Overloading,4,0
08/02/2023,2023,8:19,Wednesday,VII-B,14.05731842,121.3110467,Rainy,Wet,Motorcycle,53,Female,Side-impact collision,Inexperience,1,0
27/07/2024,2024,4:52,Saturday,VII-C,14.04981205,121.2978762,Sunny,Gravel,Tricycle,52,Male,Rear-end collision,Overspeeding,0,0
06/01/2021,2021,2:34,Wednesday,Santa Monica,14.07052408,121.3186218,Sunny,Dry,Car,60,Male,Single vehicle accident,Inexperience,0,1
04/11/2020,2020,7:10,Wednesday,San Francisco (Calihan),14.07247407,121.3282473,Rainy,Gravel,Motorcycle,38,Female,Side-impact collision,Inexperience,2,0
04/06/2021,2021,18:04,Friday,San Jose (Malamig),14.08850834,121.3367461,Rainy,Wet,Car,28,Female,Single vehicle accident,Distracted Driving,2,0
01/05/2024,2024,20:36,Wednesday,San Antonio 1 (Balanga),14.05849655,121.31166,Sunny,Gravel,Motorcycle,35,Male,Pedestrian accident,Overspeeding,2,1
22/08/2024,2024,20:51,Thursday,San Bartolome (Matang-ag),14.05965925,121.3100084,Rainy,Wet,Truck,21,Male,Rear-end collision,Reckless Driving,2,0
06/02/2021,2021,10:23,Saturday,III-A (Hermanos Belen),14.05940141,121.3107583,Sunny,Potholes,Car,37,Male,Rear-end collision,Distracted Driving,0,0
22/07/2022,2022,5:31,Friday,San Vicente,14.09177001,121.335535,Rainy,Wet,Car,30,Female,Rear-end collision,Drunk Driving,1,0
16/07/2021,2021,17:39,Friday,San Gregorio,14.05122651,121.3065631,Sunny,Gravel,Motorcycle,50,Male,Side-impact collision,Mechanical Failure,3,0
24/12/2024,2024,0:05,Tuesday,Dolores,14.04727351,121.3006292,Sunny,Dry,Motorcycle,40,Male,Single vehicle accident,Drunk Driving,1,0
27/03/2021,2021,9:28,Saturday,IV-B,14.06117737,121.310062,Rainy,Wet,Car,32,Female,Rear-end collision,Overloading,1,0
01/10/2021,2021,15:38,Friday,San Mateo (Imok),14.06980584,121.3215336,Rainy,Wet,Car,24,Male,Head-on collision,Inexperience,2,0
27/07/2022,2022,23:37,Wednesday,II-F (Villa Rey),14.08076225,121.3302966,Sunny,Dry,Truck,41,Male,Side-impact collision,Reckless Driving,2,0
06/08/2020,2020,9:26,Thursday,VI-C (Bagong Pook),14.06064236,121.3098366,Rainy,Gravel,Motorcycle,30,Female,Side-impact collision,Overloading,1,0
08/07/2020,2020,3:02,Wednesday,San Pedro,14.07902818,121.3313946,Rainy,Wet,Motorcycle,18,Male,Single vehicle accident,Fatigue,0,0
19/12/2020,2020,15:37,Saturday,II-E (San Anton),14.09011207,121.3403047,Sunny,Dry,Motorcycle,28,Male,Rear-end collision,Inexperience,0,1
16/10/2022,2022,8:49,Sunday,San Bartolome (Matang-ag),14.05084902,121.3005277,Sunny,Dry,Motorcycle,20,Female,Rear-end collision,Poor Maintenance,0,0
23/12/2021,2021,16:51,Thursday,Bautista,14.0494252,121.3007477,Stormy,Wet,Car,40,Female,Pedestrian accident,Overloading,1,0
31/08/2024,2024,6:56,Saturday,Concepcion (Bunot),14.08973964,121.3374294,Sunny,Dry,Tricycle,29,Male,Single vehicle accident,Drunk Driving,0,0
17/09/2020,2020,14:25,Thursday,San Francisco (Calihan),14.07660613,121.3308436,Sunny,Dry,Car,34,Female,Rear-end collision,Distracted Driving,2,0
08/08/2024,2024,11:53,Thursday,II-C (Unson),14.06837021,121.3361025,Sunny,Dry,Motorcycle,44,Female,Rear-end collision,Overloading,0,0
31/10/2022,2022,1:29,Monday,VI-E (YMCA),14.08111841,121.3313892,Rainy,Potholes,Motorcycle,31,Male,Pedestrian accident,Drunk Driving,1,0
11/12/2022,2022,8:33,Sunday,San Joaquin,14.04805468,121.3013561,Rainy,Wet,Motorcycle,35,Female,Pedestrian accident,Poor Maintenance,1,0
24/09/2023,2023,22:36,Sunday,Santa Isabel,14.07062218,121.3214339,Sunny,Gravel,Car,52,Male,Rear-end collision,Overloading,0,0
22/05/2022,2022,19:12,Sunday,Soledad (Macopa),14.07924557,121.3306865,Sunny,Dry,Car,28,Male,Head-on collision,Poor Maintenance,2,1
29/01/2024,2024,9:08,Monday,San Lucas 1 (Sabang),14.08912475,121.339203,Cloudy,Dry,Motorcycle,46,Male,Rear-end collision,Fatigue,3,0
27/10/2023,2023,17:43,Friday,VII-A (P. Alcantara),14.06870561,121.3207165,Sunny,Gravel,Motorcycle,33,Female,Head-on collision,Overloading,3,1
16/08/2023,2023,22:44,Wednesday,IV-C,14.0595656,121.3099196,Rainy,Wet,Truck,34,Male,Head-on collision,Drunk Driving,1,0
30/01/2024,2024,16:50,Tuesday,San Isidro (Balagbag),14.0828333,121.3393448,Cloudy,Dry,Motorcycle,44,Male,Rear-end collision,Fatigue,3,0
22/11/2020,2020,17:58,Sunday,San Nicolas (Mag-ampong),14.06076869,121.3086635,Sunny,Potholes,Car,36,Male,Pedestrian accident,Fatigue,1,0
25/05/2024,2024,6:20,Saturday,San Marcos (Tikew),14.051504,121.3012353,Sunny,Potholes,Bicycle,27,Male,Head-on collision,Fatigue,0,1
13/06/2023,2023,3:02,Tuesday,V-A,14.07692962,121.3277341,Rainy,Wet,Motorcycle,24,Male,Single vehicle accident,Reckless Driving,0,0
26/02/2024,2024,21:39,Monday,III-A (Hermanos Belen),14.09452033,121.3456257,Rainy,Wet,Motorcycle,31,Male,Pedestrian accident,Overloading,1,0
11/12/2024,2024,16:46,Wednesday,VII-C,14.07197047,121.3219502,Sunny,Dry,Motorcycle,24,Male,Single vehicle accident,Drunk Driving,0,0
25/08/2023,2023,17:25,Friday,San Diego (Tilim),14.08876978,121.3399253,Sunny,Potholes,Bicycle,34,Male,Side-impact collision,Overloading,2,2
16/09/2023,2023,18:33,Saturday,II-D (Bulante),14.06892206,121.3205846,Rainy,Potholes,Motorcycle,38,Male,Rear-end collision,Mechanical Failure,1,0
13/02/2021,2021,7:18,Saturday,II-C (Unson),14.05311467,121.3042714,Sunny,Dry,Car,48,Male,Single vehicle accident,Inexperience,0,0
11/04/2023,2023,2:34,Tuesday,Santiago II (Bulaho),14.07477311,121.3015105,Sunny,Dry,Motorcycle,32,Male,Side-impact collision,Overloading,4,1
19/06/2023,2023,19:17,Monday,San Vicente,14.07815733,121.3256345,Rainy,Wet,Car,39,Female,Rear-end collision,Overloading,0,0
24/01/2020,2020,1:50,Friday,Santa Maria Magdalena (Boe / Kuba),14.08962855,121.3404848,Rainy,Wet,Tricycle,39,Male,Pedestrian accident,Mechanical Failure,3,0
03/09/2023,2023,21:34,Sunday,Santo Cristo,14.08021924,121.3305419,Sunny,Dry,Bicycle,27,Male,Rear-end collision,Mechanical Failure,4,0
28/10/2022,2022,2:17,Friday,VII-B,14.05876693,121.3112195,Rainy,Wet,Car,44,Male,Side-impact collision,Drunk Driving,1,0
25/09/2022,2022,13:40,Sunday,Santiago II (Bulaho),14.07967635,121.3289448,Rainy,Wet,Truck,40,Female,Head-on collision,Overspeeding,7,0
02/09/2021,2021,19:44,Thursday,Santa Monica,14.08002618,121.3313091,Cloudy,Dry,Truck,42,Female,Side-impact collision,Fatigue,3,0
15/06/2020,2020,16:55,Monday,VI-C (Bagong Pook),14.07876623,121.3316133,Sunny,Dry,Car,55,Male,Pedestrian accident,Overloading,1,0
23/04/2020,2020,11:14,Thursday,VI-C (Bagong Pook),14.09611699,121.3131366,Sunny,Dry,Motorcycle,35,Male,Pedestrian accident,Overloading,1,0
31/03/2024,2024,9:04,Sunday,Santisimo Rosario (Balagbag),14.06997121,121.3203475,Sunny,Dry,Motorcycle,33,Male,Rear-end collision,Fatigue,1,0
07/05/2024,2024,16:32,Tuesday,II-E (San Anton),14.05070216,121.2995911,Sunny,Dry,Bus,38,Male,Pedestrian accident,Overloading,3,0
15/11/2022,2022,14:58,Tuesday,San Joaquin,14.04929096,121.3010212,Sunny,Potholes,Car,34,Female,Side-impact collision,Overloading,4,1
31/03/2024,2024,21:46,Sunday,San Diego (Tilim),14.04920175,121.2992612,Rainy,Wet,Car,40,Male,Head-on collision,Drunk Driving,1,0
04/12/2020,2020,22:47,Friday,Bautista,14.05586979,121.3419797,Sunny,Dry,Truck,28,Female,Side-impact collision,Reckless Driving,1,0
18/06/2020,2020,2:03,Thursday,San Cristobal,14.06996734,121.3198481,Sunny,Dry,Motorcycle,24,Female,Single vehicle accident,Distracted Driving,1,0
01/12/2023,2023,13:11,Friday,II-C (Unson),14.0708266,121.3203276,Cloudy,Dry,Motorcycle,27,Male,Pedestrian accident,Overloading,4,0
14/08/2020,2020,0:08,Friday,IV-A,14.09192846,121.3402788,Sunny,Dry,Motorcycle,18,Male,Side-impact collision,Drunk Driving,1,0
01/04/2022,2022,15:33,Friday,San Buenaventura (Palakpakin),14.07816201,121.3308992,Cloudy,Dry,Motorcycle,33,Male,Rear-end collision,Reckless Driving,2,0
27/07/2024,2024,5:51,Saturday,Santo Cristo,14.08848065,121.3387615,Rainy,Wet,Car,24,Female,Head-on collision,Overloading,3,1
21/08/2021,2021,0:10,Saturday,Santo Angel (Ilog),14.09005934,121.3386055,Sunny,Dry,Tricycle,32,Male,Side-impact collision,Poor Maintenance,1,0
02/01/2020,2020,0:34,Thursday,San Diego (Tilim),14.08781772,121.3299918,Cloudy,Potholes,Car,36,Male,Side-impact collision,Overloading,3,0
26/02/2022,2022,4:27,Saturday,San Lucas 1 (Sabang),14.09553265,121.3158707,Sunny,Dry,Truck,24,Female,Single vehicle accident,Poor Maintenance,1,0
24/06/2020,2020,0:54,Wednesday,Santisimo Rosario (Balagbag),14.06848867,121.3341575,Sunny,Dry,Motorcycle,20,Male,Side-impact collision,Distracted Driving,3,0
04/02/2021,2021,20:33,Thursday,San Juan (Putol),14.07075532,121.3194234,Sunny,Dry,Motorcycle,40,Male,Head-on collision,Mechanical Failure,0,1
14/06/2021,2021,23:49,Monday,San Vicente,14.05853506,121.3111841,Sunny,Potholes,Motorcycle,32,Male,Side-impact collision,Mechanical Failure,2,0
04/01/2024,2024,17:34,Thursday,Concepcion (Bunot),14.06021529,121.3114882,Stormy,Gravel,Car,35,Male,Single vehicle accident,Inexperience,0,0
05/10/2024,2024,1:31,Saturday,III-E,14.07011299,121.3200919,Sunny,Gravel,Motorcycle,18,Female,Side-impact collision,Distracted Driving,1,0
31/08/2024,2024,23:37,Saturday,San Joaquin,14.04885199,121.3012918,Sunny,Gravel,Motorcycle,35,Male,Side-impact collision,Drunk Driving,4,0
01/11/2020,2020,18:35,Sunday,San Gregorio,14.05916626,121.3103126,Sunny,Dry,Motorcycle,28,Female,Rear-end collision,Overloading,1,0
26/10/2020,2020,18:20,Monday,San Jose (Malamig),14.08060274,121.3302735,Sunny,Dry,Motorcycle,45,Female,Side-impact collision,Overloading,4,0
28/12/2022,2022,8:39,Wednesday,III-A (Hermanos Belen),14.09113653,121.3255794,Rainy,Gravel,Truck,18,Male,Rear-end collision,Fatigue,3,0
28/10/2024,2024,4:55,Monday,San Antonio 1 (Balanga),14.080568,121.3300758,Sunny,Dry,Motorcycle,35,Male,Head-on collision,Overspeeding,4,0
24/10/2023,2023,8:38,Tuesday,San Mateo (Imok),14.04960639,121.298621,Sunny,Dry,Motorcycle,33,Female,Rear-end collision,Poor Maintenance,2,0
11/03/2024,2024,7:08,Monday,II-E (San Anton),14.07178065,121.3490122,Rainy,Wet,Car,34,Female,Rear-end collision,Fatigue,2,0
28/11/2021,2021,20:52,Sunday,Santiago 1 (Bulaho),14.08048025,121.3306064,Rainy,Gravel,Car,44,Male,Side-impact collision,Reckless Driving,0,0
01/02/2021,2021,20:18,Monday,Bautista,14.08050015,121.3164611,Sunny,Dry,Car,36,Male,Rear-end collision,Overloading,1,0