Date,Year,Time,Day_of_Week,Barangay,Latitude,Longitude,Weather,Road_Condition,Vehicle_Type,Driver_Age,Driver_Gender,Accident_Cause,Road_Accident_Type,Injuries,Fatalities
20/09/2020,2020,2:12,Sunday,VII-A (P. Alcantara),14.08952067,121.342249,Sunny,Dry,Motorcycle,53,Female,Rear-end collision,Distracted Driving,2,0
05/01/2023,2023,8:11,Thursday,Santo Angel (Ilog),14.0524182,121.3087646,Sunny,Dry,Motorcycle,18,Male,Side-impact collision,Poor Maintenance,2,2
12/09/2022,2022,10:17,Monday,V-B,14.08169221,121.3286403,Sunny,Potholes,Motorcycle,31,Female,Rear-end collision,Overloading,1,0
24/05/2020,2020,5:30,Sunday,San Miguel (Balintin),14.05912346,121.3095639,Sunny,Gravel,Bus,45,Male,Single vehicle accident,Drunk Driving,1,0
29/10/2023,2023,1:28,Sunday,IV-C,14.09065105,121.3258102,Rainy,Wet,Motorcycle,40,Female,Pedestrian accident,Drunk Driving,1,0
09/03/2024,2024,17:41,Saturday,II-E (San Anton),14.07977954,121.3292389,Rainy,Wet,Car,38,Male,Single vehicle accident,Inexperience,0,0
26/04/2020,2020,0:07,Sunday,Santa Monica,14.0577506,121.3014088,Rainy,Wet,Motorcycle,32,Male,Pedestrian accident,Fatigue,1,0
20/08/2023,2023,9:12,Sunday,San Diego (Tilim),14.09190552,121.3021914,Stormy,Wet,Motorcycle,32,Male,Rear-end collision,Mechanical Failure,2,1
19/11/2020,2020,12:29,Thursday,VII-B,14.08077968,121.328455,Stormy,Wet,Tricycle,29,Male,Single vehicle accident,Drunk Driving,1,0
30/08/2024,2024,5:37,Friday,San Miguel (Balintin),14.0891612,121.3420482,Rainy,Wet,Motorcycle,35,Male,Rear-end collision,Overloading,1,0
12/04/2020,2020,18:59,Sunday,III-A (Hermanos Belen),14.06170381,121.3096845,Sunny,Dry,Car,55,Male,Pedestrian accident,Overloading,0,0
08/10/2022,2022,18:11,Saturday,IV-C,14.08902616,121.3071331,Sunny,Dry,Motorcycle,48,Male,Head-on collision,Mechanical Failure,5,1
28/11/2021,2021,7:18,Sunday,Santa Veronica (Bae),14.09042463,121.3398647,Sunny,Dry,Car,31,Male,Pedestrian accident,Poor Maintenance,4,0
10/06/2024,2024,13:37,Monday,Santa Maria,14.05963568,121.3108394,Sunny,Gravel,Motorcycle,42,Male,Rear-end collision,Distracted Driving,0,0
02/02/2020,2020,17:07,Sunday,Santa Elena,14.05013004,121.301423,Rainy,Wet,Motorcycle,27,Male,Rear-end collision,Overspeeding,1,0
14/06/2024,2024,5:01,Friday,Bautista,14.0601435,121.3109907,Sunny,Dry,Car,48,Female,Single vehicle accident,Reckless Driving,1,1
26/11/2020,2020,5:34,Thursday,Santa Maria,14.04883523,121.3006287,Rainy,Wet,Tricycle,28,Male,Head-on collision,Mechanical Failure,3,4
22/06/2020,2020,9:13,Monday,San Ignacio,14.06031302,121.3108595,Sunny,Dry,Motorcycle,61,Male,Pedestrian accident,Fatigue,3,0
20/09/2022,2022,13:59,Tuesday,V-D,14.05020295,121.3012527,Stormy,Wet,Motorcycle,51,Female,Side-impact collision,Drunk Driving,0,0
13/12/2024,2024,16:11,Friday,San Lorenzo (Saluyan),14.05321098,121.2991947,Rainy,Wet,Truck,32,Female,Side-impact collision,Distracted Driving,1,0
12/08/2023,2023,8:11,Saturday,II-B (Guadalupe 1),14.08293556,121.3478204,Cloudy,Dry,Tricycle,57,Male,Head-on collision,Reckless Driving,5,2
17/06/2021,2021,16:49,Thursday,Santo Cristo,14.05034556,121.2974864,Rainy,Wet,Motorcycle,35,Male,Rear-end collision,Poor Maintenance,1,0
08/12/2024,2024,9:44,Sunday,Santo Cristo,14.08894011,121.3381391,Rainy,Wet,Motorcycle,46,Male,Side-impact collision,Mechanical Failure,2,0
09/07/2023,2023,18:10,Sunday,San Antonio 2 (Sapa),14.05855297,121.3105795,Sunny,Dry,Motorcycle,37,Male,Head-on collision,Poor Maintenance,1,0
12/03/2020,2020,13:52,Thursday,II-E (San Anton),14.06433236,121.308245,Sunny,Dry,Car,33,Female,Head-on collision,Fatigue,4,0
16/12/2021,2021,6:41,Thursday,San Mateo (Imok),14.05083558,121.3007751,Rainy,Wet,Motorcycle,41,Female,Single vehicle accident,Inexperience,1,1
17/08/2020,2020,19:47,Monday,Santa Maria,14.07849409,121.3286764,Rainy,Wet,Car,26,Female,Rear-end collision,Fatigue,1,0
01/12/2023,2023,14:40,Friday,San Cristobal,14.0886068,121.3373961,Stormy,Wet,Car,41,Male,Rear-end collision,Overspeeding,0,1
17/10/2021,2021,14:59,Sunday,VII-E,14.07028624,121.3199399,Sunny,Dry,Car,34,Male,Single vehicle accident,Drunk Driving,1,0
23/02/2020,2020,7:17,Sunday,San Francisco (Calihan),14.05969478,121.309604,Rainy,Wet,Bus,54,Female,Single vehicle accident,Overloading,3,0
12/05/2020,2020,15:08,Tuesday,San Ignacio,14.0608459,121.3095738,Sunny,Dry,Motorcycle,46,Female,Side-impact collision,Overspeeding,3,0
23/03/2020,2020,22:56,Monday,San Crispin (Lumbangan),14.07160646,121.3189623,Rainy,Wet,Tricycle,58,Male,Pedestrian accident,Drunk Driving,0,2
25/12/2024,2024,0:54,Wednesday,Concepcion (Bunot),14.06096967,121.3120988,Sunny,Dry,Motorcycle,40,Male,Side-impact collision,Poor Maintenance,2,0
14/05/2022,2022,10:40,Saturday,San Isidro (Balagbag),14.065208,121.3498881,Rainy,Potholes,Motorcycle,18,Male,Rear-end collision,Inexperience,3,0
08/07/2024,2024,4:38,Monday,Santa Filomena (Banagin),14.05949864,121.3098243,Sunny,Dry,Car,38,Female,Head-on collision,Drunk Driving,4,0
24/05/2024,2024,18:23,Friday,VI-C (Bagong Pook),14.0599171,121.3091182,Rainy,Potholes,Motorcycle,31,Male,Head-on collision,Poor Maintenance,6,1
04/07/2021,2021,18:40,Sunday,III-F (Balagtas),14.08866146,121.3386497,Sunny,Dry,Motorcycle,42,Male,Side-impact collision,Poor Maintenance,2,0
15/09/2024,2024,6:54,Sunday,San Gabriel (Butucan),14.06930717,121.3200633,Rainy,Wet,Tricycle,36,Male,Rear-end collision,Fatigue,1,2
26/03/2024,2024,11:00,Tuesday,IV-B,14.07014473,121.3436143,Rainy,Wet,Motorcycle,57,Female,Side-impact collision,Distracted Driving,2,2
27/03/2021,2021,8:00,Saturday,San Buenaventura (Palakpakin),14.0830901,121.3199278,Stormy,Wet,Motorcycle,22,Male,Side-impact collision,Inexperience,2,0
22/07/2020,2020,2:14,Wednesday,San Vicente,14.078308,121.3035911,Stormy,Wet,Motorcycle,46,Male,Single vehicle accident,Drunk Driving,1,0
05/06/2023,2023,17:33,Monday,Santo Angel (Ilog),14.07030236,121.3189548,Stormy,Potholes,Car,18,Male,Rear-end collision,Mechanical Failure,1,0
06/10/2021,2021,17:28,Wednesday,II-C (Unson),14.0538366,121.3365545,Rainy,Wet,Car,39,Female,Single vehicle accident,Poor Maintenance,2,0
11/08/2022,2022,14:23,Thursday,San Isidro (Balagbag),14.06935629,121.3414118,Rainy,Wet,Car,48,Male,Single vehicle accident,Poor Maintenance,2,0
15/09/2021,2021,13:42,Wednesday,San Mateo (Imok),14.07003373,121.3195035,Cloudy,Dry,Car,39,Male,Rear-end collision,Overloading,4,0
06/10/2022,2022,11:49,Thursday,III-F (Balagtas),14.05959032,121.308756,Rainy,Wet,Motorcycle,57,Male,Side-impact collision,Drunk Driving,3,0
04/10/2022,2022,17:04,Tuesday,San Juan (Putol),14.05114193,121.3004176,Cloudy,Dry,Truck,33,Male,Rear-end collision,Overspeeding,0,0
20/07/2023,2023,7:44,Thursday,San Ignacio,14.06024967,121.3123988,Sunny,Dry,Car,42,Female,Single vehicle accident,Mechanical Failure,1,1
17/10/2023,2023,4:38,Tuesday,San Joaquin,14.0490144,121.3014589,Sunny,Gravel,Truck,20,Male,Rear-end collision,Overspeeding,1,0
09/10/2023,2023,7:14,Monday,San Antonio 2 (Sapa),14.07062572,121.3204352,Rainy,Wet,Truck,25,Male,Head-on collision,Overloading,3,0
03/02/2022,2022,3:39,Thursday,III-D (Vilongco),14.08908606,121.3386871,Rainy,Wet,Car,20,Male,Head-on collision,Overloading,2,1
21/06/2023,2023,15:48,Wednesday,V-D,14.0723625,121.3195069,Sunny,Dry,Truck,31,Male,Single vehicle accident,Overloading,2,0
12/05/2024,2024,8:41,Sunday,VI-A (Mavenida),14.08862423,121.3419229,Sunny,Dry,Motorcycle,18,Male,Head-on collision,Distracted Driving,1,0
02/11/2021,2021,15:40,Tuesday,II-F (Villa Rey),14.07304978,121.349246,Rainy,Wet,Car,26,Male,Side-impact collision,Reckless Driving,1,1
07/04/2022,2022,18:56,Thursday,Santiago II (Bulaho),14.07025274,121.3147017,Rainy,Wet,Car,49,Male,Rear-end collision,Drunk Driving,1,0
10/01/2020,2020,17:21,Friday,Concepcion (Bunot),14.09162216,121.3389607,Cloudy,Gravel,Tricycle,27,Male,Head-on collision,Poor Maintenance,5,0
01/04/2020,2020,7:33,Wednesday,Santa Isabel,14.0858591,121.3493165,Rainy,Wet,Motorcycle,36,Male,Single vehicle accident,Overspeeding,1,0
30/05/2021,2021,3:52,Sunday,San Lucas 1 (Sabang),14.05516225,121.3498263,Cloudy,Dry,Motorcycle,37,Male,Head-on collision,Overloading,6,0
15/06/2024,2024,7:57,Saturday,San Lucas 1 (Sabang),14.0896043,121.3391022,Sunny,Dry,Car,43,Female,Rear-end collision,Inexperience,0,0
11/10/2021,2021,19:52,Monday,Santo Niño (Arsum),14.0818995,121.3471343,Rainy,Wet,Car,20,Male,Pedestrian accident,Overspeeding,0,0
10/02/2022,2022,23:21,Thursday,Santo Angel (Ilog),14.09717219,121.3114419,Rainy,Wet,Bicycle,38,Female,Side-impact collision,Reckless Driving,3,0
30/12/2022,2022,9:44,Friday,III-A (Hermanos Belen),14.06146777,121.3104081,Sunny,Dry,Car,44,Male,Pedestrian accident,Fatigue,1,0
29/12/2024,2024,5:33,Sunday,San Joaquin,14.09106584,121.341502,Stormy,Wet,Tricycle,29,Female,Rear-end collision,Inexperience,2,1
07/11/2022,2022,22:21,Monday,San Buenaventura (Palakpakin),14.08729853,121.3463261,Sunny,Dry,Motorcycle,38,Female,Rear-end collision,Drunk Driving,0,0
01/11/2022,2022,4:54,Tuesday,III-E,14.05125661,121.2998001,Sunny,Dry,Motorcycle,45,Male,Pedestrian accident,Reckless Driving,1,0
13/12/2020,2020,2:08,Sunday,San Lucas 2 (Malinaw),14.07995107,121.3305542,Sunny,Dry,Car,32,Female,Single vehicle accident,Drunk Driving,0,0
21/12/2021,2021,22:13,Tuesday,Santa Monica,14.07716778,121.3177797,Rainy,Wet,Car,51,Female,Head-on collision,Reckless Driving,5,0
22/08/2024,2024,6:06,Thursday,San Jose (Malamig),14.09045619,121.3420736,Cloudy,Dry,Car,26,Female,Side-impact collision,Overloading,3,1
10/05/2023,2023,2:36,Wednesday,San Francisco (Calihan),14.09023766,121.3396902,Sunny,Dry,Car,46,Male,Single vehicle accident,Overloading,0,1
09/01/2023,2023,10:56,Monday,San Francisco (Calihan),14.05700806,121.322153,Rainy,Wet,Car,34,Female,Head-on collision,Drunk Driving,4,0
24/11/2022,2022,4:33,Thursday,I-A (Sambat),14.09249626,121.3357952,Cloudy,Dry,Car,42,Male,Rear-end collision,Fatigue,1,0
28/06/2023,2023,16:55,Wednesday,San Francisco (Calihan),14.05097027,121.2992467,Cloudy,Dry,Bus,52,Female,Head-on collision,Drunk Driving,3,0
03/07/2021,2021,21:09,Saturday,San Lucas 1 (Sabang),14.09005215,121.3400939,Rainy,Wet,Truck,28,Male,Pedestrian accident,Reckless Driving,1,2
15/09/2022,2022,5:59,Thursday,San Bartolome (Matang-ag),14.05727339,121.3148032,Cloudy,Dry,Truck,38,Female,Side-impact collision,Distracted Driving,0,0
15/09/2020,2020,19:41,Tuesday,San Diego (Tilim),14.08996797,121.340948,Sunny,Dry,Bicycle,41,Female,Rear-end collision,Mechanical Failure,1,0
18/04/2022,2022,0:12,Monday,Santo Niño (Arsum),14.09529826,121.3103184,Rainy,Gravel,Motorcycle,23,Male,Rear-end collision,Fatigue,0,0
28/10/2021,2021,23:50,Thursday,IV-A,14.07831753,121.3230296,Sunny,Gravel,Car,22,Male,Head-on collision,Fatigue,6,0
13/12/2022,2022,0:27,Tuesday,II-D (Bulante),14.0686189,121.3204235,Cloudy,Dry,Car,51,Male,Head-on collision,Mechanical Failure,2,0
10/04/2021,2021,20:23,Saturday,San Nicolas (Mag-ampong),14.06482957,121.3122759,Sunny,Dry,Motorcycle,39,Male,Rear-end collision,Reckless Driving,2,0
09/08/2022,2022,0:36,Tuesday,Santo Angel (Ilog),14.08902059,121.3395726,Rainy,Wet,Car,28,Female,Head-on collision,Drunk Driving,3,0
30/11/2024,2024,6:05,Saturday,San Cristobal,14.05905458,121.3106458,Stormy,Wet,Motorcycle,36,Female,Pedestrian accident,Overspeeding,1,0
01/12/2020,2020,3:57,Tuesday,Concepcion (Bunot),14.0804369,121.3304219,Sunny,Potholes,Truck,48,Male,Head-on collision,Distracted Driving,2,0
03/04/2023,2023,0:45,Monday,V-A,14.09621228,121.3019507,Sunny,Potholes,Truck,37,Female,Side-impact collision,Fatigue,2,0
19/11/2022,2022,11:17,Saturday,IV-C,14.08869368,121.3410806,Rainy,Wet,Car,27,Male,Rear-end collision,Inexperience,1,0
25/09/2022,2022,19:31,Sunday,VI-E (YMCA),14.04967671,121.3013826,Sunny,Dry,Motorcycle,28,Male,Single vehicle accident,Overspeeding,0,0
09/04/2021,2021,19:25,Friday,Santiago 1 (Bulaho),14.05845188,121.3081292,Sunny,Potholes,Truck,32,Male,Side-impact collision,Inexperience,3,0
05/05/2021,2021,1:57,Wednesday,Santiago 1 (Bulaho),14.06947361,121.3183785,Sunny,Dry,Motorcycle,33,Male,Single vehicle accident,Inexperience,2,0
26/02/2021,2021,7:27,Friday,Santa Cruz (Putol),14.07012717,121.3207369,Sunny,Dry,Motorcycle,42,Male,Head-on collision,Mechanical Failure,2,1
18/09/2022,2022,23:59,Sunday,San Joaquin,14.09120335,121.3404947,Rainy,Potholes,Motorcycle,28,Male,Pedestrian accident,Mechanical Failure,4,0
09/05/2022,2022,17:57,Monday,VI-D (Lparkers),14.05763998,121.3427255,Sunny,Dry,Car,23,Male,Rear-end collision,Overspeeding,1,0
26/04/2020,2020,8:51,Sunday,III-A (Hermanos Belen),14.06200457,121.3115847,Sunny,Dry,Motorcycle,40,Female,Side-impact collision,Overloading,0,1
07/09/2024,2024,20:44,Saturday,San Antonio 2 (Sapa),14.06938014,121.3205207,Rainy,Potholes,Car,18,Male,Head-on collision,Drunk Driving,3,2
17/02/2020,2020,16:34,Monday,V-D,14.09302123,121.3433901,Sunny,Dry,Motorcycle,44,Male,Side-impact collision,Mechanical Failure,2,0
19/08/2020,2020,13:21,Wednesday,I-A (Sambat),14.07955466,121.3281996,Sunny,Potholes,Car,29,Male,Single vehicle accident,Inexperience,5,0
07/06/2021,2021,22:17,Monday,San Francisco (Calihan),14.07959406,121.3292041,Rainy,Wet,Car,30,Female,Side-impact collision,Distracted Driving,1,0
23/10/2021,2021,17:39,Saturday,VI-A (Mavenida),14.07163408,121.3039869,Sunny,Dry,Truck,35,Male,Rear-end collision,Inexperience,1,0
26/04/2020,2020,8:10,Sunday,San Nicolas (Mag-ampong),14.0778604,121.3295745,Rainy,Gravel,Car,35,Male,Rear-end collision,Reckless Driving,1,0
09/09/2022,2022,9:04,Friday,Santa Elena,14.06963166,121.3209149,Sunny,Gravel,Truck,34,Female,Rear-end collision,Mechanical Failure,2,0
29/05/2021,2021,7:20,Saturday,Santo Angel (Ilog),14.05947939,121.317943,Cloudy,Dry,Truck,38,Female,Rear-end collision,Distracted Driving,0,0
21/07/2024,2024,16:43,Sunday,Santa Filomena (Banagin),14.05977428,121.3124847,Rainy,Wet,Motorcycle,49,Male,Single vehicle accident,Overloading,1,0
20/11/2024,2024,20:28,Wednesday,V-B,14.07484348,121.3456547,Rainy,Wet,Truck,18,Male,Single vehicle accident,Distracted Driving,2,0
30/10/2022,2022,14:56,Sunday,San Bartolome (Matang-ag),14.05013276,121.3007111,Sunny,Potholes,Motorcycle,35,Male,Side-impact collision,Poor Maintenance,0,0
22/08/2024,2024,8:03,Thursday,San Mateo (Imok),14.0904618,121.3399757,Sunny,Dry,Motorcycle,36,Female,Head-on collision,Inexperience,4,0
21/12/2023,2023,14:57,Thursday,Santa Veronica (Bae),14.06890736,121.3139663,Cloudy,Dry,Motorcycle,29,Male,Head-on collision,Distracted Driving,1,2
04/12/2024,2024,18:37,Wednesday,II-E (San Anton),14.08044191,121.3305687,Sunny,Potholes,Car,33,Male,Side-impact collision,Overloading,2,0
30/09/2023,2023,7:41,Saturday,V-C,14.08696052,121.3405554,Sunny,Dry,Motorcycle,38,Female,Head-on collision,Reckless Driving,0,0
20/10/2022,2022,8:57,Thursday,Santa Cruz (Putol),14.09001997,121.3410388,Sunny,Dry,Bicycle,22,Male,Pedestrian accident,Distracted Driving,3,0
19/06/2020,2020,16:55,Friday,Santa Filomena (Banagin),14.07013859,121.3202141,Sunny,Dry,Car,48,Female,Pedestrian accident,Overspeeding,2,0
06/05/2021,2021,14:33,Thursday,San Juan (Putol),14.06155895,121.3354294,Sunny,Dry,Tricycle,32,Female,Pedestrian accident,Mechanical Failure,1,0
27/09/2024,2024,19:51,Friday,Santa Catalina (Sandig),14.07749757,121.3043548,Rainy,Wet,Truck,42,Male,Single vehicle accident,Overloading,3,1
08/03/2022,2022,0:44,Tuesday,II-D (Bulante),14.08034361,121.3298348,Rainy,Potholes,Motorcycle,32,Female,Rear-end collision,Reckless Driving,0,1
20/10/2024,2024,16:13,Sunday,Santa Catalina (Sandig),14.07324952,121.3124047,Cloudy,Dry,Motorcycle,29,Male,Side-impact collision,Fatigue,0,0
30/06/2024,2024,12:38,Sunday,IV-B,14.05064741,121.2976189,Sunny,Dry,Car,44,Male,Head-on collision,Inexperience,5,0
05/01/2020,2020,1:10,Sunday,Santo Cristo,14.05908286,121.3090169,Rainy,Wet,Motorcycle,29,Male,Single vehicle accident,Poor Maintenance,0,0
02/11/2021,2021,22:45,Tuesday,III-F (Balagtas),14.0841861,121.3083576,Sunny,Dry,Car,33,Male,Head-on collision,Mechanical Failure,5,1
10/04/2022,2022,16:25,Sunday,San Jose (Malamig),14.05464105,121.3139004,Rainy,Wet,Car,43,Male,Head-on collision,Mechanical Failure,4,1
08/01/2022,2022,18:54,Saturday,San Joaquin,14.08026422,121.3295742,Cloudy,Dry,Truck,44,Male,Pedestrian accident,Overspeeding,3,0
24/04/2024,2024,9:19,Wednesday,San Francisco (Calihan),14.06957398,121.3197419,Rainy,Wet,Bus,24,Female,Side-impact collision,Mechanical Failure,2,0
03/04/2024,2024,9:32,Wednesday,III-A (Hermanos Belen),14.05087804,121.3182292,Sunny,Dry,Bus,18,Female,Rear-end collision,Inexperience,0,0
29/04/2021,2021,19:54,Thursday,San Isidro (Balagbag),14.08921629,121.3380474,Sunny,Dry,Motorcycle,41,Male,Pedestrian accident,Distracted Driving,1,1
18/06/2024,2024,17:57,Tuesday,Soledad (Macopa),14.07113146,121.3198702,Rainy,Wet,Motorcycle,35,Male,Rear-end collision,Mechanical Failure,0,0
06/06/2020,2020,8:07,Saturday,Santa Ana,14.08067299,121.3302365,Sunny,Dry,Tricycle,29,Male,Rear-end collision,Fatigue,3,0
18/07/2020,2020,7:40,Saturday,San Jose (Malamig),14.08075718,121.3291091,Sunny,Dry,Car,37,Female,Pedestrian accident,Mechanical Failure,1,0
31/03/2022,2022,23:25,Thursday,San Francisco (Calihan),14.04960284,121.3000092,Sunny,Dry,Motorcycle,42,Female,Rear-end collision,Reckless Driving,1,0
21/01/2020,2020,19:43,Tuesday,San Gabriel (Butucan),14.08922662,121.3374514,Sunny,Dry,Motorcycle,27,Male,Pedestrian accident,Reckless Driving,2,0
25/02/2023,2023,7:29,Saturday,IV-B,14.07868085,121.3294394,Sunny,Dry,Motorcycle,32,Female,Single vehicle accident,Poor Maintenance,1,0
14/01/2020,2020,12:18,Tuesday,II-A (Triangulo Guadalupe 2),14.09108777,121.342236,Cloudy,Gravel,Tricycle,45,Male,Pedestrian accident,Mechanical Failure,0,1
14/08/2021,2021,6:50,Saturday,III-C (Labak/De Roma),14.08223515,121.3268325,Sunny,Gravel,Car,47,Male,Pedestrian accident,Poor Maintenance,2,0
29/08/2022,2022,4:44,Monday,III-C (Labak/De Roma),14.08549074,121.3294184,Sunny,Dry,Motorcycle,41,Male,Head-on collision,Overloading,4,2
29/07/2023,2023,17:04,Saturday,Santa Veronica (Bae),14.08108571,121.3045932,Sunny,Potholes,Motorcycle,18,Female,Side-impact collision,Mechanical Failure,0,0
20/10/2023,2023,0:40,Friday,San Francisco (Calihan),14.07794656,121.3308668,Sunny,Dry,Motorcycle,52,Male,Side-impact collision,Mechanical Failure,7,0
04/01/2023,2023,8:32,Wednesday,Santa Catalina (Sandig),14.08251907,121.3134299,Cloudy,Gravel,Motorcycle,28,Female,Rear-end collision,Inexperience,1,0
15/03/2023,2023,11:19,Wednesday,III-B,14.08111171,121.3293212,Sunny,Potholes,Truck,33,Male,Head-on collision,Reckless Driving,3,1
31/07/2024,2024,11:41,Wednesday,Santa Filomena (Banagin),14.0590786,121.3087122,Sunny,Dry,Bus,44,Female,Single vehicle accident,Fatigue,1,0
02/12/2024,2024,10:00,Monday,II-A (Triangulo Guadalupe 2),14.05809305,121.3095161,Rainy,Wet,Tricycle,36,Male,Side-impact collision,Distracted Driving,2,0
01/08/2020,2020,9:50,Saturday,San Roque (Sambat),14.07011083,121.3211857,Sunny,Gravel,Motorcycle,30,Female,Head-on collision,Drunk Driving,2,0
11/02/2022,2022,23:56,Friday,Santa Cruz (Putol),14.0608576,121.3109292,Sunny,Dry,Motorcycle,36,Male,Single vehicle accident,Distracted Driving,1,0
23/02/2021,2021,18:31,Tuesday,Santa Isabel,14.08485578,121.3471808,Sunny,Dry,Car,45,Male,Rear-end collision,Reckless Driving,2,0
15/10/2024,2024,23:26,Tuesday,San Cristobal,14.07116584,121.3206748,Rainy,Wet,Motorcycle,55,Female,Head-on collision,Overloading,2,2
29/01/2020,2020,5:40,Wednesday,Del Remedio (Wawa),14.06087377,121.3098676,Sunny,Dry,Motorcycle,49,Male,Pedestrian accident,Reckless Driving,0,0
24/11/2024,2024,8:34,Sunday,III-B,14.06832545,121.3222271,Rainy,Potholes,Bus,35,Male,Head-on collision,Overspeeding,2,0
17/11/2022,2022,21:36,Thursday,San Pedro,14.05949898,121.3076446,Sunny,Dry,Motorcycle,40,Female,Head-on collision,Distracted Driving,7,0
08/03/2024,2024,9:12,Friday,II-A (Triangulo Guadalupe 2),14.09222837,121.3395232,Cloudy,Dry,Truck,38,Male,Single vehicle accident,Distracted Driving,0,0
01/07/2020,2020,5:50,Wednesday,VII-E,14.05136398,121.3293807,Rainy,Wet,Bus,30,Male,Head-on collision,Inexperience,5,1
20/02/2023,2023,1:54,Monday,III-B,14.08944681,121.3397788,Rainy,Wet,Truck,49,Female,Rear-end collision,Inexperience,2,0
29/10/2020,2020,8:34,Thursday,San Ignacio,14.09157519,121.3397875,Sunny,Gravel,Motorcycle,37,Male,Head-on collision,Overspeeding,3,0
03/11/2021,2021,3:27,Wednesday,V-D,14.051529,121.2982536,Sunny,Dry,Motorcycle,55,Female,Rear-end collision,Poor Maintenance,0,0
08/02/2021,2021,12:36,Monday,San Lucas 1 (Sabang),14.0495007,121.2995002,Sunny,Dry,Motorcycle,27,Male,Side-impact collision,Inexperience,3,0
17/04/2021,2021,0:32,Saturday,Bautista,14.07926457,121.3415411,Rainy,Wet,Bus,34,Male,Single vehicle accident,Inexperience,0,0
22/10/2021,2021,19:22,Friday,II-D (Bulante),14.07862341,121.330293,Sunny,Dry,Motorcycle,23,Female,Rear-end collision,Drunk Driving,0,0
29/01/2024,2024,13:13,Monday,Santa Maria Magdalena (Boe / Kuba),14.07881449,121.3295429,Sunny,Dry,Motorcycle,43,Male,Rear-end collision,Poor Maintenance,0,0
18/07/2023,2023,17:03,Tuesday,VII-B,14.06115591,121.327065,Sunny,Dry,Motorcycle,22,Male,Side-impact collision,Inexperience,2,0
13/12/2022,2022,16:53,Tuesday,III-F (Balagtas),14.07171493,121.3209968,Cloudy,Dry,Truck,39,Male,Side-impact collision,Poor Maintenance,3,0
20/05/2023,2023,1:04,Saturday,III-A (Hermanos Belen),14.08038617,121.3253268,Sunny,Dry,Car,43,Male,Rear-end collision,Reckless Driving,0,0
18/06/2021,2021,7:30,Friday,II-E (San Anton),14.05079933,121.3278481,Sunny,Dry,Motorcycle,26,Male,Single vehicle accident,Poor Maintenance,2,0
28/11/2021,2021,17:53,Sunday,San Vicente,14.08961829,121.339522,Rainy,Gravel,Motorcycle,38,Male,Rear-end collision,Inexperience,0,1
18/12/2020,2020,14:51,Friday,San Vicente,14.05028799,121.3499373,Sunny,Dry,Motorcycle,31,Male,Pedestrian accident,Overspeeding,3,1
14/01/2023,2023,19:40,Saturday,VII-E,14.08044977,121.3306857,Rainy,Wet,Motorcycle,23,Male,Rear-end collision,Fatigue,1,0
27/08/2023,2023,19:56,Sunday,III-F (Balagtas),14.07275455,121.3026849,Sunny,Dry,Car,30,Male,Pedestrian accident,Distracted Driving,2,0
17/01/2021,2021,8:12,Sunday,San Vicente,14.09127433,121.3410071,Rainy,Wet,Bicycle,48,Female,Head-on collision,Poor Maintenance,1,0
12/02/2023,2023,8:46,Sunday,VII-A (P. Alcantara),14.09148743,121.3404891,Cloudy,Dry,Motorcycle,27,Male,Rear-end collision,Fatigue,4,0
07/12/2023,2023,13:16,Thursday,Concepcion (Bunot),14.06936326,121.3212771,Sunny,Dry,Car,29,Male,Rear-end collision,Distracted Driving,0,0
23/08/2024,2024,10:35,Friday,VI-B,14.06062935,121.3103199,Sunny,Dry,Car,41,Female,Rear-end collision,Mechanical Failure,1,1
27/07/2023,2023,9:20,Thursday,Santo Cristo,14.0492071,121.2997447,Cloudy,Dry,Motorcycle,20,Male,Single vehicle accident,Overloading,1,0
22/12/2023,2023,0:15,Friday,Del Remedio (Wawa),14.08772065,121.3405105,Sunny,Dry,Motorcycle,38,Female,Head-on collision,Mechanical Failure,2,1